opportunityId,title,company,source,sourceUrl,applicationUrl,category,workMode,location,batch,minCGPA,stipend,isPaid,deadline,isUrgent,tags,description,teammatesNeeded,provenance,verificationStatus,lastVerifiedAt
"1","Software Engineering Intern (Summer 2026)","Bosch Global Software Technologies","Bosch Careers Portal & LinkedIn","https://careers.bosch.com","https://careers.bosch.com/en/job-search/","internships","Hybrid","Bengaluru, Karnataka","2026; 2027","7.5","₹40,000 / month","true","2026-09-30","true","C++; Python; Automotive Embedded; Computer Vision; Linux","Develop and validate next-generation mobility software, driver assistance algorithms, and connected cloud telemetry at Bosch Adugodi/Electronic City campus.","false","verified","verified","2026-08-22"
"2","Cloud Developer Intern - SAP Business Technology Platform","SAP Labs India","SAP Careers Official Portal","https://jobs.sap.com","https://jobs.sap.com/search/?q=India+Intern","internships","Hybrid","Whitefield, Bengaluru","2026; 2027","7.5","₹45,000 / month","true","2026-10-15","false","Java; Spring Boot; Node.js; Kubernetes; SAP BTP","Collaborate with SAP Core Cloud teams to build scalable enterprise microservices, event-driven pipelines, and distributed cloud services.","false","verified","verified","2026-08-22"
"3","Technical Undergraduate Intern (Software & Networks)","Cisco Systems India","Cisco Jobs Portal & LinkedIn","https://jobs.cisco.com","https://jobs.cisco.com/jobs/SearchJobs/India-Intern","internships","Hybrid","Cessna Business Park, Bengaluru","2026; 2027","8","₹75,000 / month","true","2026-09-30","true","Python; Golang; Cloud Networking; TCP/IP; Distributed Systems","Work on cloud-scale routing, AI-driven network observability, and zero-trust security orchestration systems at Cisco Bengaluru center.","false","verified","verified","2026-08-22"
"4","Software Engineering Summer Intern (SWE 2026)","Microsoft India","Microsoft Careers Portal","https://careers.microsoft.com","https://careers.microsoft.com/students/us/en/ind-internship-opportunities","internships","Hybrid","Bengaluru & Hyderabad","2026; 2027","8","₹1,25,000 / month","true","2026-09-15","true","C#; C++; Azure; Distributed Systems; Algorithms; AI Agents","Build hyperscale cloud services for Azure, Office 365, or developer tools. Work with world-class engineers on distributed systems and AI systems.","false","verified","verified","2026-08-22"
"5","Undergraduate Silicon & Embedded Software Intern","Intel India","Intel Jobs Portal & LinkedIn","https://jobs.intel.com","https://jobs.intel.com/en/search-jobs/India","internships","On-site","Outer Ring Road, Bengaluru","2026; 2027","7.5","₹45,000 / month","true","2026-10-31","false","C; C++; Verilog; Computer Architecture; Linux Kernel; SoC","Participate in firmware development, pre-silicon verification, and power-performance optimization for next-generation Intel computing platforms.","false","verified","verified","2026-08-22"
"6","Analog & Embedded Systems Design Intern","Texas Instruments India","TI Careers & Campus Connect","https://careers.ti.com","https://careers.ti.com/locations/india/","internships","On-site","CV Raman Nagar, Bengaluru","2026; 2027","7.5","₹50,000 / month","true","2026-10-15","false","Embedded C; Microcontrollers; Analog Design; DSP; Sensors","Design and test ultra-low-power microcontrollers, motor drive algorithms, and signal-processing evaluation modules.","false","verified","verified","2026-08-22"
"7","Associate Engineer Intern (Systems & Modem Software)","Qualcomm India","Qualcomm Careers Portal","https://www.qualcomm.com/company/careers","https://qualcomm.wd5.myworkdayjobs.com/External","internships","Hybrid","Bengaluru, Karnataka","2026; 2027","8","₹60,000 / month","true","2026-10-30","false","C; C++; 5G NR; RTOS; Wireless Protocols; Device Drivers","Develop 5G protocol stacks, digital signal processing algorithms, and Snapdragon low-level system drivers.","false","verified","verified","2026-08-22"
"8","Software Development Engineer (SDE) Intern","Amazon Development Centre India","Amazon.jobs University Recruiting","https://www.amazon.jobs","https://www.amazon.jobs/en/job_categories/student-programs","internships","Hybrid","World Trade Center, Bengaluru","2026; 2027","7.5","₹1,10,000 / month","true","2026-09-30","true","Java; Data Structures; Algorithms; AWS; System Design","Design high-throughput customer-facing microservices and infrastructure components powering Amazon Retail and AWS services.","false","verified","verified","2026-08-22"
"9","Graduate Technical Intern (Cloud & Infrastructure)","Dell Technologies India","Dell Careers Portal","https://jobs.dell.com","https://jobs.dell.com/search-jobs/India","internships","Hybrid","Domlur, Bengaluru","2026; 2027","7","₹42,000 / month","true","2026-10-31","false","Python; Golang; Kubernetes; Linux Storage; OpenStack","Work on software-defined storage architectures, edge telemetry, and enterprise container virtualization solutions.","false","verified","verified","2026-08-22"
"10","Extreme Blue Technical Intern","IBM India Software Labs","IBM Careers Portal & LinkedIn","https://www.ibm.com/careers","https://www.ibm.com/employment/","internships","Hybrid","Manyata Tech Park, Bengaluru","2026; 2027","7.5","₹45,000 / month","true","2026-10-15","false","AI/ML; Cloud Native; Java; Python; Quantum Computing Basics","Collaborate in rapid prototyping pods addressing high-impact enterprise challenges using watsonx and hybrid cloud.","false","verified","verified","2026-08-22"
"11","Backend Engineer (Systems & Web Core)","Zoho Corporation","Zoho Careers Official Portal","https://www.zoho.com/careers","https://www.zoho.com/careers/jobdetails/?job_id=45938120","jobs","On-site","Bengaluru & Tenkasi","2025; 2026","6","₹8.5 LPA - ₹12.0 LPA CTC","true","","false","Java; C++; Distributed Database; Multi-threading; Networking","Design low-latency cloud backend services and internal high-availability storage subsystems across Zoho's global infrastructure.","false","verified","verified","2026-08-22"
"12","Associate Applications Developer","Oracle Financial Services Software","Oracle Careers Portal & LinkedIn","https://www.oracle.com/corporate/careers/","https://www.oracle.com/corporate/careers/","jobs","Hybrid","Bannerghatta Road, Bengaluru","2025; 2026","7","₹9.0 LPA - ₹14.0 LPA CTC","true","2026-10-31","false","Java; Spring; Oracle Database; REST APIs; Microservices","Build mission-critical digital banking platforms and algorithmic transaction engines serving global financial institutions.","false","verified","verified","2026-08-22"
"13","Systems Software Engineer (Graduate 2026)","Hewlett Packard Enterprise (HPE)","HPE Careers Portal","https://careers.hpe.com","https://careers.hpe.com/us/en/search-results?keywords=India+Graduate","jobs","Hybrid","Electronic City, Bengaluru","2026","7","₹10.5 LPA - ₹15.0 LPA CTC","true","2026-11-15","false","C; C++; Linux Kernel; Storage Area Networks; HPE GreenLake","Develop enterprise cloud storage protocols, edge orchestrators, and high-performance kernel drivers for HPE GreenLake.","false","verified","verified","2026-08-22"
"14","Software Engineer - Healthcare AI & Imaging","Philips Innovation Campus","Philips Careers & LinkedIn","https://www.careers.philips.com","https://www.careers.philips.com/global/en/search-results?keywords=Bangalore","jobs","Hybrid","Nagavara, Bengaluru","2025; 2026","7.5","₹11.0 LPA - ₹14.5 LPA CTC","true","2026-10-31","false","C#; C++; DICOM; Medical Imaging; PyTorch; Healthcare AI","Engineer clinical healthcare software, radiological visualization platforms, and real-time medical sensor pipelines.","false","verified","verified","2026-08-22"
"15","Smart India Hackathon (SIH 2026 - Hardware & Software Edition)","Ministry of Education Innovation Cell & AICTE","Smart India Hackathon Portal","https://www.sih.gov.in","https://www.sih.gov.in","hackathons","On-site","Multiple Designated Nodal Centers across India","2025; 2026; 2027; 2028","0","₹1,00,000 Prize per Problem Statement","true","2026-09-30","true","AI/ML; IoT; Smart Agriculture; Cybersecurity; GovTech; Team of 6","Nationwide initiative for students to solve pressing real-world challenges posed by Central Ministries, State Governments, and Industry Leaders.","true","verified","verified","2026-08-21"
"16","HackRVCE 2026 - Annual 24-Hour Flagship Hackathon","RV College of Engineering (RVCE Coding Club)","Unstop & RVCE Tech Portal","https://unstop.com","https://unstop.com/hackathons/hackrvce-2026","hackathons","On-site","RVCE Campus, Mysuru Road, Bengaluru","2025; 2026; 2027; 2028","0","₹1,50,000 Cash Pool + Direct Interview Shortlists","true","2026-10-10","false","Full Stack; Web3; AI Agents; FinTech; HealthTech","Premier inter-college 24-hour hackathon bringing top student builders across Karnataka to develop high-impact decentralized and AI solutions.","true","verified","verified","2026-08-22"
"17","BMSCE PhaseShift 2026 - Annual Technical Symposium & Hackathon","BMS College of Engineering","Unstop & BMSCE Official Portal","https://unstop.com","https://unstop.com/hackathons/bmsce-phaseshift-2026","hackathons","On-site","BMSCE Campus, Bull Temple Road, Bengaluru","2025; 2026; 2027; 2028","0","₹2,00,000 Total Prize Pool","true","2026-10-25","false","Robotics; Embedded Systems; Generative AI; Cyber Security","South India's largest student technical symposium featuring hackathons, hardware prototyping tracks, and technical competitions.","true","verified","verified","2026-08-22"
"18","Major League Hacking (MLH) Global Hackathon Season","Major League Hacking","MLH Official Portal","https://mlh.io","https://mlh.io/seasons/2026/events","hackathons","Remote","Global / Remote","2025; 2026; 2027; 2028","0","Swag Bags, Cloud Credits, Hardware Grants & Prizes","true","","false","Global Community; APIs; Cloud Prototyping; Weekend Hackathons","Join weekend hackathons across the international student developer circuit, earning digital badges, tech bounties, and cloud credits.","true","verified","verified","2026-08-22"
"19","Tata Crucible Campus Hackathon & Business Challenge","Tata Sons • Tata Group","Tata Crucible Portal & Unstop","https://www.tatacrucible.com","https://www.tatacrucible.com/hackathon/","competitions","Hybrid","Zonal Finals & National Round (Mumbai / Bengaluru)","2025; 2026; 2027","0","₹5,00,000 National Winner Cash Prize","true","2026-11-10","false","Sustainability; CleanTech; Supply Chain AI; Enterprise Innovation","Design breakthrough prototypes for real-world sustainability, supply chain, and industrial automation problem statements.","true","verified","verified","2026-08-22"
"20","Flipkart GRiD 6.0 - Flagship Engineering Campus Challenge","Flipkart Internet","Unstop & Flipkart Careers","https://unstop.com","https://unstop.com/competitions/flipkart-grid-60-software-development-track","competitions","Hybrid","Bengaluru, Karnataka","2026; 2027","7","₹5,25,000 Prize Pool + PPI / SDE Interview Shortlists (₹32 LPA)","true","2026-09-20","true","Robotics Track; Software Development; Information Security; E-Commerce Scale","Compete in advanced software, robotics, and cybersecurity tracks with pre-placement interview opportunities at Flipkart.","true","verified","verified","2026-08-22"
"21","Google Summer of Code (GSoC — Annual Open Source Program)","Google Open Source Programs Office","GSoC Official Portal","https://summerofcode.withgoogle.com","https://summerofcode.withgoogle.com/get-started","opensource","Remote","Global Remote","2025; 2026; 2027; 2028","0","$1,500 - $3,000 USD (Approx. ₹1,25,000 - ₹2,50,000)","true","","false","Open Source; Annual Program; C++; Python; Rust; Linux Kernel; LLVM; Apache","Annual global program connecting student developers with open-source organizations. Next contributor application window opens Feb/March 2027. Start by exploring participating orgs and contributing to good-first-issues.","false","verified","verified","2026-08-22"
"22","Linux Foundation Mentorship Program (LFX Mentorship)","The Linux Foundation","LFX Mentorship Portal","https://mentorship.lfx.linuxfoundation.org","https://mentorship.lfx.linuxfoundation.org","opensource","Remote","Global Remote","2025; 2026; 2027; 2028","0","$3,000 - $6,000 USD Full-Term Stipend","true","2026-10-31","false","Cloud Native; Kubernetes; Hyperledger; eBPF; CNCF; Golang","Full-time and part-time mentored contributions to critical CNCF, Linux kernel, and cloud native open source infrastructure.","false","verified","verified","2026-08-22"
"23","GitHub Octernships India","GitHub Education","GitHub Education Portal","https://education.github.com","https://education.github.com/students/octernships","opensource","Remote","India / Remote","2026; 2027; 2028","0","₹40,000 - ₹75,000 / month based on partnering organization","true","","false","GitHub; Git Workflow; Full Stack; DevOps; Open Source","Paid remote engineering internships connected directly through GitHub Classroom and active open source repositories.","false","verified","verified","2026-08-22"
"24","Outreachy Open Source Internship (Mentored Diversity Program)","Outreachy / Software Freedom Conservancy","Outreachy Official Portal","https://www.outreachy.org","https://www.outreachy.org/apply/","opensource","Remote","Global Remote","2025; 2026; 2027; 2028","0","$7,000 USD Total Stipend for 3-Month Term","true","2026-09-10","true","Open Source; Diversity in Tech; Mozilla; Fedora; Wikimedia","Paid, remote internships for individuals subject to systemic bias and underrepresented in open source and technical industries.","false","verified","verified","2026-08-22"
"25","AI & Data Science Summer Research Fellowship","Indian Institute of Science (IISc Bengaluru)","IISc CDS / CSA Research Programs","https://cds.iisc.ac.in","https://cds.iisc.ac.in/admissions/summer-internships/","fellowships","On-site","IISc Campus, Malleshwaram, Bengaluru","2026; 2027","8.5","₹15,000 / month + Free On-Campus Hostel Accommodation","true","2026-11-30","false","Deep Learning; Generative Models; Reinforcement Learning; Algorithms; Research Papers","Conduct fundamental machine learning, graph representation, and computational optimization research under IISc faculty.","false","verified","verified","2026-08-22"
"26","Summer Undergraduate Research Fellowship (SURF 2026)","Indian Institute of Technology Dharwad (IIT Dharwad)","IIT Dharwad Research Portal","https://www.iitdh.ac.in","https://www.iitdh.ac.in/announcements","research","On-site","IIT Dharwad Campus, Karnataka","2026; 2027","8","₹10,000 / month + Campus Accommodation","true","2026-11-15","false","Robotics; IoT; Applied AI; VLSI Systems; Signal Processing","Work on cutting-edge applied engineering and hardware-software co-design research projects under IIT Dharwad professors.","false","verified","verified","2026-08-22"
"27","Student Research Internship (SRI / MINRO Lab)","International Institute of Information Technology Bangalore (IIIT-B)","IIIT Bangalore MINRO Center","https://www.iiitb.ac.in","https://minro.iiitb.ac.in","research","Hybrid","Electronic City, Bengaluru","2026; 2027","8","₹20,000 / month Research Stipend","true","2026-10-31","false","Computer Vision; NLP for Indian Languages; Autonomous Vehicles; Deep Learning","Collaborate with researchers at Machine Intelligence and Robotics (MINRO) CoE on applied computer vision and language tech.","false","verified","verified","2026-08-22"
"28","Visiting Students' Research Programme (VSRP 2026)","Tata Institute of Fundamental Research (TIFR Mumbai / Bengaluru)","TIFR Official Academic Portal","https://www.tifr.res.in","https://www.tifr.res.in/~vsrp/","fellowships","On-site","TIFR Centers (Mumbai & ICTS Bengaluru)","2026; 2027","8.5","₹12,000 / month + Travel Allowance & Hostel","true","2026-11-30","false","Theoretical Computer Science; Quantum Computing; Algorithms; Cryptography","Premier national summer research programme for undergraduate engineers interested in theoretical computer science and systems.","false","verified","verified","2026-08-22"
"29","Graduate Engineer Trainee (GET 2026)","L&T Technology Services (LTTS)","L&T Careers & Off-Campus Pool Drive","https://www.ltts.com/careers","https://www.ltts.com/careers/freshers","trainee_roles","On-site","Bengaluru & Mysuru, Karnataka","2026","6.5","₹6.0 LPA CTC","true","2026-11-15","false","C; C++; AUTOSAR; Embedded Linux; Digital Twin; Hardware Testing","Join LTTS core engineering R&D teams across aerospace, industrial automation, medical devices, and smart mobility domains.","false","verified","verified","2026-08-22"
"30","Graduate Engineering Apprentice Trainee","Bharat Electronics Limited (BEL)","BEL Official Recruitment & NATS Portal","https://bel-india.in","https://bel-india.in/CareersGridHigh.aspx","trainee_roles","On-site","Jalahalli, Bengaluru","2025; 2026","6.5","₹18,500 / month (1-Year PSU Govt Apprentice Program)","true","2026-10-31","false","Defence Electronics; Radar Systems; DSP; VHDL/Verilog; PSU Apprentice","Govt-funded apprentice engineering training on military communication, radar processing, and aerospace defense payloads.","false","verified","verified","2026-08-22"
"31","TCS National Qualifier Test (TCS NQT 2026 - Ninja & Digital)","Tata Consultancy Services","TCS iON & TCS NextStep Portal","https://www.tcs.com/careers","https://www.tcsion.com/hub/national-qualifier-test/","campus_drives","Hybrid","Pan-Karnataka / Pan-India","2025; 2026","6","₹3.6 LPA (Ninja) / ₹7.2 LPA (Digital) / ₹9.0 LPA (Prime)","true","2026-10-15","false","National Assessment; Java; Python; Cloud; Aptitude & Coding","India's largest multi-tiered engineering campus assessment qualifying candidates for Digital, Prime, and Enterprise developer roles.","false","verified","verified","2026-08-22"
"32","Infosys SPARK & HackWithInfy Specialist Programmer","Infosys Limited","Infosys Careers & HackWithInfy Portal","https://www.infosys.com/careers.html","https://infytq.onwingspan.com","campus_drives","Hybrid","Infosys Electronic City, Bengaluru","2026","6.5","₹6.25 LPA (Digital Specialist) / ₹9.5 LPA (Specialist Programmer)","true","2026-10-31","false","Competitive Coding; Data Structures; Dynamic Programming; Algorithms","Flagship national coding competition and fast-track hiring drive for premier Specialist Programmer engineering roles.","false","verified","verified","2026-08-22"
"33","AICTE NATS Graduate Engineering Apprenticeship","National Apprenticeship Training Scheme (Karnataka Region)","MHRD NATS Portal (Southern Region Board)","https://nats.education.gov.in","https://nats.education.gov.in","apprenticeships","On-site","Karnataka (Bengaluru, Mysuru, Hubballi, Belagavi)","2024; 2025; 2026","5.5","₹15,000 - ₹25,000 / month (Govt Stated Direct Transfer)","true","","false","NATS Portal; Govt Apprenticeship; Practical Industry Training; Ministry of Education","Official 1-year paid national apprenticeship in registered engineering enterprises across manufacturing, software, and electronics sectors.","false","verified","verified","2026-08-22"
"34","Graduate Apprentice Trainee in Embedded & AI Systems","DRDO (LRDE & CAIR Bengaluru Labs)","DRDO Recruitment & Assessment Centre (RAC)","https://drdo.gov.in","https://rac.gov.in","apprenticeships","On-site","CV Raman Nagar, Bengaluru","2025; 2026","7","₹19,000 / month Govt Stipend","true","2026-10-31","false","DRDO; Defence AI; Embedded C; Real-Time Systems; Radar AI","Hands-on training at DRDO premier labs (LRDE / CAIR) working on intelligent autonomous systems and signal recognition engines.","false","verified","verified","2026-08-22"
"35","Graduate Apprentice Program (Avionics & Software)","ISRO / UR Rao Satellite Centre (URSC Bengaluru)","ISRO Careers & URSC Portal","https://www.isro.gov.in","https://www.ursc.gov.in/careers.jsp","apprenticeships","On-site","Old Airport Road / Vimanapura, Bengaluru","2025; 2026","7.5","₹19,000 / month Stipend","true","2026-11-15","false","ISRO; Satellite Avionics; Telemetry Software; Mission Planning; Space Tech","Participate in satellite mission data handling, ground telemetry software verification, and onboard processor testing.","false","verified","verified","2026-08-22"
"36","IEEE PESU Genesis - Student Project Exhibition & Coding Conclave","IEEE Student Branch (PES University)","IEEE Bangalore Section & PESU Tech","https://ieee.pes.edu","https://ieee.pes.edu/events/genesis-2026","competitions","On-site","PES University, Ring Road Campus, Bengaluru","2025; 2026; 2027; 2028","0","₹75,000 Cash Prize + IEEE Technical Certificate","true","2026-10-20","false","IEEE; IoT Prototype; AI in Healthcare; Hardware Exhibition; Paper Presentation","Premier academic project showcase and algorithm challenge open to all VTU and autonomous engineering college undergraduates.","true","verified","verified","2026-08-22"
"37","ACM-ICPC Amritapuri / Bengaluru Regional Preliminary Contest","International Collegiate Programming Contest (ICPC)","ICPC Global & Amritapuri Regional Portal","https://icpc.global","https://icpc.amrita.edu","competitions","Hybrid","Online Prelims & Regional Onsite Contest","2025; 2026; 2027; 2028","0","World Finals Qualification + Global Tech Industry Recognition","true","2026-10-31","false","Competitive Programming; Algorithms; Graph Theory; Data Structures; Team of 3","The Olympics of competitive programming. Solve intense algorithmic puzzles under tight time and memory constraints.","true","verified","verified","2026-08-22"
"38","Codeforces Karnataka Inter-College Competitive League","Codeforces & Karnataka Coding Community","Codeforces Platform","https://codeforces.com","https://codeforces.com/contests","competitions","Remote","Online / Codeforces Platform","2025; 2026; 2027; 2028","0","Leaderboard Bounties & Global Rating Boost","true","","false","Codeforces; Rating 1600+; Dynamic Programming; Math; Number Theory","Bi-weekly rated contests testing dynamic programming, combinatorics, segment trees, and mathematical algorithm optimization.","false","verified","verified","2026-08-22"
"39","Goldman Sachs Engineering Campus Hiring Challenge","Goldman Sachs India","HackerRank & Goldman Sachs Careers","https://www.goldmansachs.com/careers/","https://www.hackerrank.com/goldman-sachs-engineering-campus-challenge","competitions","Hybrid","Bengaluru, Karnataka","2026; 2027","7","Summer Analyst Internship Shortlists (₹1,00,000 / month)","true","2026-09-25","true","FinTech; Quantitative Finance; Algorithms; Problem Solving; C++; Java","Nationwide coding & math challenge evaluating data structures, problem-solving, and numerical analysis for Summer Analyst roles.","false","verified","verified","2026-08-22"
"40","Juspay Hiring Challenge - Think-a-Thon","Juspay Technologies","Unstop & Juspay Careers","https://unstop.com","https://unstop.com/hackathons/juspay-think-a-thon","competitions","Remote","Bengaluru, Karnataka","2025; 2026; 2027","0","₹21 LPA - ₹27 LPA Full-Time CTC / ₹40k Intern","true","2026-10-15","false","Functional Programming; Haskell; PureScript; Rust; Distributed Payments","Intense multi-round competitive challenge testing deep concurrency, graph algorithms, and functional systems thinking.","false","verified","verified","2026-08-22"